,Computer & Electronics,Electrical Equipment,Transport Equipment,Chemicals,Primary Metals,Food Manufacturing
Computer & Electronics,0.9999999999999998,0.6522559510185395,0.2994242103456168,0.5002682249942778,0.38756651979858087,0.3569001773861295
Electrical Equipment,0.6522559510185395,0.9999999999999998,0.8295397974364842,0.9503061341268023,0.8606817921721217,0.86034561684596
Transport Equipment,0.2994242103456168,0.8295397974364842,0.9999999999999998,0.9159139677271687,0.9766000514991987,0.9832098306248569
Chemicals,0.5002682249942778,0.9503061341268023,0.9159139677271687,0.9999999999999998,0.9127667944609749,0.9215595674067292
Primary Metals,0.38756651979858087,0.8606817921721217,0.9766000514991987,0.9127667944609749,0.9999999999999998,0.9909468699931333
Food Manufacturing,0.3569001773861295,0.86034561684596,0.9832098306248569,0.9215595674067292,0.9909468699931333,0.9999999999999998
