parent,label,depth,agg_levels,n_inputs,n_obs,interaction_ratio,F_stat,F_pvalue,R2_cd,R2_translog,R2_improvement,rho,sigma,rho_se,rho_ci_low,rho_ci_high,R2_ces,AIC_cd,BIC_cd,AIC_translog,BIC_translog,AIC_ces,BIC_ces,BIC_ces_minus_translog,BIC_ces_minus_cd,n_extra_translog_params,BIC_per_extra_param
INDPRO,Total IP,0,3,3,649,0.175661,27.676085,0.000000,0.999880,0.999905,0.000025,-0.073009,0.931959,0.031429,-0.134610,-0.011407,0.999857,-5540.365674,-5517.988510,-5678.499667,-5629.269907,-5424.024610,-5401.647446,227.622461,116.341064,6,37.937077
IPMAN,Manufacturing,1,2,2,649,0.188341,440.317246,0.000000,0.999964,0.999988,0.000024,-0.299352,0.769615,0.006785,-0.312649,-0.286054,0.999978,-6157.023079,-6139.121348,-6876.356061,-6845.028032,-6482.628495,-6464.726764,380.301268,-325.605416,3,126.767089
IPDMAN,Durable Goods,2,1,8,649,0.692699,358.578145,0.000000,0.998899,0.999951,0.001052,0.151764,1.178917,0.007413,0.137235,0.166292,0.999245,-3439.658130,-3394.903803,-5385.660312,-5179.790407,-3684.652714,-3639.898387,1539.892021,-244.994584,36,42.774778
IPG334S,Computer/Electronics,3,0,5,649,0.178869,70.858109,0.000000,0.999924,0.999972,0.000048,-0.190889,0.839709,0.004354,-0.199423,-0.182355,0.999852,-3487.260673,-3455.932644,-4100.719062,-4002.259543,-3053.150786,-3021.822757,980.436786,434.109887,15,65.362452
IPG336S,Transport Equipment,3,0,2,649,0.277090,125.845676,0.000000,0.998430,0.999012,0.000581,0.673322,3.061123,0.037817,0.599201,0.747444,0.998370,-4018.527974,-4000.626243,-4312.700602,-4281.372573,-3994.029051,-3976.127320,305.245253,24.498924,3,101.748418
IPNMAN,Nondurable Goods,2,1,9,649,0.236112,526.425782,0.000000,0.999467,0.999987,0.000520,0.990000,100.000000,0.053045,0.886032,1.093968,0.999709,-5428.257512,-5379.027752,-7747.542037,-7496.917804,-5819.558433,-5770.328673,1726.589132,-391.300921,45,38.368647
