industry,short,complementarity,alpha,alpha_se,beta_V,beta_U,R2_matching,vacancy_yield,matching_rate,beveridge_slope,beveridge_slope_se,nobs
Mining,Mining,0.7062725177771672,2.5870508448464333,0.2142731837235978,0.21622924141975836,-0.006780704891481366,0.14314501095131738,1.6114419108144444,1.111031483800887,-0.1731091617776863,0.09175761415688578,299
Construction,Construction,0.7167462325348507,6.3714521232169785,0.4735074533820002,-0.0005921497208038924,-0.06547196039400525,0.03339390115927543,2.6543090087590473,1.1285645315288588,-0.9275556254453613,0.0899728108840965,299
Manufacturing,Manufacturing,0.6670056672450182,2.4064917971481825,0.8221811021430111,0.41170202375671416,0.15013189802948207,0.4195037037346647,1.0631152946998117,0.6548055398999996,-0.8790220490426606,0.10018394728948378,299
Trade_Transport_Util,TTU,0.6586226755945838,6.446313347825839,1.0479727947364668,0.2085827271042649,-0.1219914582468667,0.5544948465308106,1.2810298864579315,0.9491040553946074,-0.7391391330046014,0.2275381417823966,299
Information,Information,0.7037951200758581,2.5285299760633997,0.5215862952125745,0.36763112021004074,0.02826077860729402,0.2604826130080342,0.7971332118776282,0.6617515811665138,-0.5455448310898438,0.09553645360490348,299
Financial,Financial,0.6917654352312864,5.1923443419744055,0.6099409500707199,0.14534424365567605,-0.12105391182281403,0.16678679490672144,0.7307087435514855,0.6997520688228116,-0.6755401304714803,0.08816686761492884,299
Prof_Business,ProfBiz,0.6960182842287929,4.938584804330154,0.3291601066504308,0.31638006562964627,-0.03121350171977137,0.7504175188491526,1.092478901017734,1.0692662090690324,-0.8546582706827115,0.16212227324790884,299
Edu_Health,EduHealth,0.7374016085994793,2.5732707819245277,0.2475844027220604,0.47948401222103976,0.08423856610904865,0.893163930682283,0.6699920409386116,0.7282523595052101,-0.25748763311408474,0.19791725690691245,299
Leisure_Hospitality,Leisure,0.6663464663705215,4.62392692384758,0.7865140283943136,0.33373175590009857,0.004571310115659574,0.712566016378096,1.4935323141873331,1.1272849578220372,-0.7223131229974789,0.3243950275716929,299
