level,label,n_units,R2_translog_mean,R2_translog_se,R2_cd_mean,R2_cd_se,R2_ces_mean,R2_ces_se,interaction_ratio_mean,interaction_ratio_se,pct_F_reject_mean,pct_F_reject_se,rho_mean_mean,rho_mean_se,rho_std_mean,rho_std_se,simulation
1,n=40,40,0.9999702285080201,7.152645467572564e-07,0.9996805343986551,3.71270309607586e-05,0.9733993122250691,0.0002456056167087331,0.1063177375152111,0.002399634120214021,0.7966666666666665,0.009770514979414491,-0.052586721771948515,0.1009828627134002,0.23611726506346342,0.020952659646260828,Houthakker
2,n=8,8,0.9999751933374156,1.1625183322425761e-06,0.9993057074554487,0.00010310722876920267,0.9731923432546278,0.00030613065399719104,0.17511392037223264,0.005858897649058858,0.9625,0.010458250331675946,0.017592065972552265,0.0775275935454238,0.23424033296243651,0.023227989196222702,Houthakker
3,n=2,2,0.9999794307314109,2.135141938096917e-06,0.9989988449227215,0.0001913002135741888,0.9731284598793929,0.0005122461283735716,0.2286524426838201,0.010888808727774328,1.0,0.0,0.07942591948417886,0.06839758707147402,0.1642764355688204,0.02858190033755113,Houthakker
4,n=1,1,0.9999818885853389,1.9711972610990503e-06,0.9990396934838092,0.00019324063673876836,0.973201495816264,0.0006202791373578109,0.2448234534930707,0.012600316064840654,1.0,0.0,0.09738735944166048,0.06681870491891687,,,Houthakker
1,n=24,24,0.8045926268103408,0.0033859433003231975,0.7969294919659453,0.003397445455450948,0.5546928067679034,0.01218793321922759,0.35112621585675097,0.015849964475425856,0.6791666666666667,0.01633347505607449,0.13651610950003673,0.06095554531003698,1.1325305950248594,0.07702116957234201,Translog
2,n=6,6,0.8210588672249713,0.005672651818405843,0.8140365875434035,0.005380342441045467,0.48661097481343973,0.009081277403736062,0.2942947949226198,0.028749781210967107,0.7277777777777776,0.03725399417920885,0.2987377556291789,0.1230163196103648,1.0404655711171296,0.17440353055695404,Translog
3,n=2,2,0.8444148286070976,0.00837534490911451,0.8366257531830501,0.00801116451191435,0.4311863919294026,0.012217104218289124,0.17260194621092673,0.008908837855547863,0.9,0.03651483716701107,0.5704066290212076,0.15344562168050413,0.4798140554687401,0.1958201520335533,Translog
4,n=1,1,0.8612724074891634,0.012166506606101218,0.8532645542783633,0.011971959691083951,0.41208495395810146,0.016283021845853916,0.16418790148844714,0.020086596470116645,0.9,0.05477225575051662,0.5402483694237783,0.25478386823289967,,,Translog
