label,n_industries,n_estimated,R2_translog,R2_cd,R2_ces,interaction_ratio,pct_F_reject,rho_median,rho_iqr,rho_mean,digits
6-digit,364,364,0.9703159453249834,0.9509665357993384,0.9439823522199889,0.13726968440216908,0.7087912087912088,-2.696243377224203,1.6251281069529484,-2.532463823324395,6
5-digit,180,180,0.976650154127074,0.9565903329034523,0.9501452313749773,0.1252974552302915,0.7888888888888889,-2.737908443435259,1.4884311109248882,-2.7421161529675637,5
4-digit,86,86,0.980453044213506,0.959151130855795,0.9532603549223806,0.11234835898016232,0.8255813953488372,-2.7528010413159967,1.099022950901988,-2.6087714594054803,4
3-digit,21,21,0.9899570151726081,0.9740566791236381,0.9713616500518877,0.08735290470401035,0.9523809523809523,-2.8702788339519785,1.1268745904697672,-2.9001106001905335,3
2-digit,3,3,0.9929716719526899,0.9679854723112481,0.975429783208487,0.06832166304639524,1.0,-2.491217295122545,0.07229842777442741,-2.447932152169588,2
